団体コード,値
01100,4
01202,4
01203,3
01204,4
01205,4
01206,4
01207,0
01208,3
01209,1
01210,2
01211,2
01212,2
01213,3
01214,4
01215,1
01216,0
01217,1
01218,0
01219,0
01220,1
01221,1
01222,0
01223,3
01224,1
01225,2
01226,1
01227,0
01228,2
01229,2
01230,1
01231,1
01233,1
01234,1
01235,0
01236,1
01303,2
01304,0
01331,0
01332,1
01333,1
01334,2
01337,1
01343,0
01345,1
01346,1
01347,1
01361,0
01362,0
01363,0
01364,0
01367,0
01370,0
01371,0
01391,0
01392,0
01393,0
01394,0
01395,4
01396,0
01397,0
01398,0
01399,0
01400,0
01401,0
01402,0
01403,0
01404,0
01405,0
01406,0
01407,0
01408,0
01409,0
01423,0
01424,1
01425,0
01427,1
01428,0
01429,1
01430,2
01431,1
01432,2
01433,1
01434,1
01436,1
01437,2
01438,1
01452,1
01453,0
01454,1
01455,1
01456,1
01457,3
01458,0
01459,3
01460,3
01461,1
01462,1
01463,1
01464,1
01465,1
01468,0
01469,1
01470,1
01471,1
01472,0
01481,0
01482,0
01483,0
01484,0
01485,0
01486,0
01487,0
01511,0
01512,0
01513,0
01514,0
01516,3
01517,0
01518,0
01519,0
01520,3
01543,1
01544,0
01545,2
01546,1
01547,1
01549,0
01550,0
01552,0
01555,3
01559,0
01560,0
01561,0
01562,0
01563,0
01564,1
01571,3
01575,0
01578,1
01581,2
01584,3
01585,1
01586,1
01601,0
01602,0
01604,0
01607,0
01608,0
01609,0
01610,0
01631,1
01632,0
01633,0
01634,0
01635,1
01636,1
01637,1
01638,0
01639,0
01641,0
01642,0
01643,0
01644,1
01645,0
01646,1
01647,0
01648,0
01649,1
01661,1
01662,1
01663,1
01664,2
01665,2
01667,0
01668,1
01691,0
01692,0
01693,0
01694,0
01695,0
01696,0
01697,0
01698,0
01699,0
01700,0
02201,2
02202,0
02203,1
02204,0
02205,0
02206,1
02207,0
02208,0
02209,0
02210,0
02301,0
02303,3
02304,1
02307,2
02321,0
02323,0
02343,0
02361,0
02362,0
02367,0
02381,0
02384,0
02387,1
02401,0
02402,1
02405,1
02406,0
02408,1
02411,0
02412,1
02423,0
02424,0
02425,0
02426,0
02441,0
02442,1
02443,0
02445,1
02446,0
02450,0
03201,3
03202,0
03203,0
03205,1
03206,3
03207,0
03208,0
03209,2
03210,0
03211,0
03213,1
03214,1
03215,1
03216,2
03301,2
03302,0
03303,1
03321,1
03322,1
03366,1
03381,1
03402,3
03441,0
03461,0
03482,0
03483,0
03484,0
03485,0
03501,0
03503,0
03506,0
03507,0
03524,1
04100,3
04202,2
04203,1
04205,0
04206,1
04207,1
04208,0
04209,1
04211,1
04212,1
04213,3
04214,0
04215,3
04216,1
04301,1
04302,0
04321,4
04322,2
04323,1
04324,0
04341,0
04361,1
04362,1
04401,1
04404,0
04406,1
04421,1
04422,1
04424,1
04444,0
04445,1
04501,1
04505,2
04581,0
04606,3
05201,4
05202,1
05203,2
05204,3
05206,0
05207,0
05209,2
05210,1
05211,1
05212,3
05213,1
05214,1
05215,3
05303,0
05327,0
05346,0
05348,1
05349,0
05361,1
05363,1
05366,1
05368,0
05434,1
05463,0
05464,0
06201,1
06202,0
06203,2
06204,4
06205,0
06206,0
06207,3
06208,1
06209,1
06210,3
06211,1
06212,1
06213,1
06301,0
06302,0
06321,0
06322,0
06323,0
06324,0
06341,1
06361,0
06362,0
06363,0
06364,0
06365,0
06366,0
06367,0
06381,0
06382,1
06401,1
06402,0
06403,1
06426,0
06428,1
06461,1
07201,1
07202,3
07203,3
07204,3
07205,1
07207,3
07208,0
07209,1
07210,1
07211,0
07212,2
07213,1
07214,1
07301,1
07303,1
07308,0
07322,1
07342,1
07344,1
07362,0
07364,0
07367,2
07368,0
07402,3
07405,0
07407,4
07408,4
07421,1
07422,0
07423,1
07444,1
07445,2
07446,0
07447,1
07461,1
07464,1
07465,0
07466,1
07481,1
07482,1
07483,1
07484,0
07501,1
07502,1
07503,0
07504,1
07505,0
07521,0
07522,0
07541,1
07542,1
07543,1
07544,0
07545,1
07546,1
07547,1
07548,0
07561,1
07564,0
08201,2
08202,1
08203,1
08204,1
08205,1
08207,1
08208,1
08210,0
08211,0
08212,3
08214,1
08215,1
08216,2
08217,1
08219,1
08220,3
08221,1
08222,0
08223,0
08224,1
08225,1
08226,1
08227,1
08228,0
08229,0
08230,1
08231,1
08232,0
08233,0
08234,0
08235,1
08236,1
08302,0
08309,0
08310,0
08341,1
08364,1
08442,0
08443,1
08447,0
08521,0
08542,1
08546,0
08564,0
09201,3
09202,1
09203,3
09204,1
09205,1
09206,4
09208,2
09209,0
09210,1
09211,1
09213,1
09214,1
09215,0
09216,1
09301,1
09342,0
09343,0
09344,0
09345,0
09361,0
09364,1
09384,1
09386,0
09407,1
09411,0
10201,3
10202,3
10203,2
10204,1
10205,3
10206,1
10207,2
10208,4
10209,1
10210,0
10211,2
10212,2
10344,0
10345,1
10366,0
10367,0
10382,0
10383,0
10384,0
10421,1
10424,1
10425,2
10426,0
10428,0
10429,1
10443,0
10444,0
10448,1
10449,3
10464,0
10521,3
10522,1
10523,0
10524,2
10525,1
11100,3
11201,3
11202,1
11203,4
11206,3
11207,3
11208,1
11209,3
11210,3
11211,2
11212,1
11214,0
11215,0
11216,1
11217,1
11218,2
11219,1
11221,0
11222,1
11223,1
11224,3
11225,1
11227,1
11228,1
11229,3
11230,1
11231,1
11232,1
11233,1
11234,1
11235,1
11237,1
11238,1
11239,1
11240,0
11241,1
11242,3
11243,1
11245,3
11246,1
11301,1
11324,3
11326,1
11327,1
11341,3
11342,3
11343,1
11346,1
11347,1
11348,0
11349,1
11361,1
11362,1
11363,3
11365,0
11369,0
11381,1
11383,1
11385,0
11408,3
11442,0
11464,0
11465,0
12100,3
12202,0
12203,1
12204,2
12205,4
12206,3
12207,1
12208,0
12210,1
12211,3
12212,3
12213,0
12215,0
12216,1
12217,3
12218,3
12219,2
12220,1
12221,1
12222,3
12223,3
12224,0
12225,0
12226,2
12227,3
12228,1
12229,1
12230,0
12231,0
12232,1
12233,1
12234,1
12235,0
12236,0
12237,3
12238,2
12239,1
12322,1
12329,0
12342,0
12347,0
12349,0
12403,0
12409,0
12410,0
12421,1
12422,0
12423,1
12424,0
12426,0
12427,0
12441,2
12443,3
12463,0
13101,5
13102,3
13103,3
13104,3
13105,3
13106,3
13107,3
13108,3
13109,3
13110,3
13111,3
13112,3
13113,3
13114,3
13115,3
13116,3
13117,3
13118,3
13119,3
13120,3
13121,3
13122,3
13123,1
13201,4
13202,2
13203,3
13204,3
13205,2
13206,4
13207,1
13208,3
13209,3
13210,1
13211,3
13212,1
13213,3
13214,3
13215,3
13218,1
13219,1
13220,3
13221,1
13222,0
13223,3
13224,2
13225,1
13227,1
13228,1
13229,3
13303,0
13305,1
13307,3
13308,3
13361,0
13362,0
13363,0
13364,0
13381,0
13382,0
13401,0
13402,0
13421,0
14100,4
14130,3
14150,1
14201,3
14203,2
14204,4
14205,3
14206,4
14207,2
14208,1
14210,3
14211,1
14212,1
14213,1
14214,1
14215,2
14216,1
14217,0
14218,1
14301,0
14321,1
14341,1
14342,1
14361,1
14362,1
14363,1
14364,1
14366,1
14382,3
14383,1
14384,1
14401,0
14402,0
15100,4
15202,2
15204,1
15205,1
15206,3
15208,1
15209,1
15210,0
15211,1
15212,2
15213,0
15216,2
15217,4
15218,0
15222,4
15223,1
15224,4
15225,2
15226,1
15227,1
15307,1
15342,0
15361,1
15385,0
15405,0
15461,3
15482,0
15504,0
15581,2
15586,0
16201,4
16202,1
16204,1
16205,0
16206,1
16207,2
16208,1
16209,1
16210,1
16211,1
16321,1
16322,1
16323,2
16342,1
16343,1
17201,4
17202,1
17203,1
17204,3
17205,0
17206,1
17207,1
17209,1
17210,1
17211,1
17212,1
17324,1
17361,1
17365,1
17384,2
17386,1
17407,0
17461,1
17463,0
18201,4
18202,4
18204,4
18205,4
18206,1
18207,1
18208,1
18209,2
18210,3
18322,1
18382,3
18404,3
18423,3
18442,2
18481,1
18483,2
18501,1
19201,3
19202,0
19204,0
19205,1
19206,3
19207,1
19208,0
19209,4
19210,1
19211,1
19212,1
19213,3
19214,1
19346,1
19364,0
19365,1
19366,1
19368,0
19384,1
19422,0
19423,0
19424,0
19425,0
19429,0
19430,4
19442,0
19443,0
20201,3
20202,4
20203,4
20204,3
20205,1
20206,3
20207,1
20208,1
20209,3
20210,1
20211,3
20212,1
20213,3
20214,3
20215,3
20217,1
20218,1
20219,1
20220,1
20303,0
20304,0
20305,3
20306,0
20307,0
20309,0
20321,4
20323,1
20324,4
20349,0
20350,1
20361,3
20362,3
20363,4
20382,1
20383,1
20384,1
20385,1
20386,1
20388,1
20402,2
20403,1
20404,0
20407,1
20409,0
20410,0
20411,0
20412,0
20413,1
20414,1
20415,0
20416,0
20417,0
20422,1
20423,1
20425,1
20429,0
20430,1
20432,1
20446,0
20448,0
20450,0
20451,0
20452,0
20481,0
20482,1
20485,1
20486,2
20521,1
20541,1
20543,0
20561,3
20562,0
20563,0
20583,0
20588,0
20590,0
20602,0
21201,4
21202,2
21203,2
21204,1
21205,2
21206,2
21207,1
21208,1
21209,2
21210,1
21211,2
21212,2
21213,1
21214,0
21215,0
21216,1
21217,1
21218,0
21219,3
21220,1
21221,1
21302,1
21303,2
21341,2
21361,1
21362,1
21381,1
21382,0
21383,1
21401,2
21403,0
21404,1
21421,0
21501,1
21502,0
21503,1
21504,1
21505,0
21506,1
21507,0
21521,0
21604,4
22100,4
22130,3
22203,4
22205,3
22206,3
22207,1
22208,0
22209,3
22210,4
22211,1
22212,1
22213,4
22214,2
22215,3
22216,3
22219,0
22220,1
22221,1
22222,0
22223,3
22224,3
22225,0
22226,1
22301,0
22302,0
22304,0
22305,0
22306,0
22325,1
22341,1
22342,3
22344,2
22424,1
22429,0
22461,1
23100,4
23201,3
23202,2
23203,1
23204,0
23205,1
23206,1
23207,1
23208,1
23209,0
23210,1
23211,2
23212,2
23213,1
23214,4
23215,3
23216,4
23217,1
23219,1
23220,3
23221,2
23222,1
23223,1
23224,0
23225,1
23226,0
23227,1
23228,1
23229,3
23230,1
23231,0
23232,1
23233,1
23234,0
23235,1
23236,1
23237,1
23238,1
23302,0
23342,0
23361,1
23362,0
23424,0
23425,1
23427,1
23441,1
23442,1
23445,0
23446,2
23447,2
23501,1
23561,0
23562,1
23563,0
24201,1
24202,3
24203,3
24204,2
24205,2
24207,3
24208,1
24209,0
24210,3
24211,4
24212,0
24214,0
24215,4
24216,1
24303,1
24324,1
24341,1
24343,1
24344,1
24441,2
24442,1
24443,0
24461,1
24470,1
24471,0
24472,0
24543,0
24561,0
24562,0
25201,4
25202,3
25203,3
25204,3
25206,3
25207,1
25208,1
25209,2
25210,3
25211,1
25212,3
25213,3
25214,2
25383,1
25384,1
25425,1
25441,3
25442,1
25443,2
26100,5
26201,2
26202,3
26203,1
26204,3
26205,3
26206,3
26207,3
26208,2
26209,1
26210,1
26211,3
26212,1
26213,2
26214,1
26303,1
26322,1
26343,1
26344,0
26364,1
26365,0
26366,3
26367,1
26407,1
26463,1
26465,1
27100,4
27140,3
27202,1
27203,3
27204,2
27205,3
27206,1
27207,3
27208,4
27209,3
27210,3
27211,3
27212,1
27213,3
27214,1
27215,3
27216,2
27217,1
27218,1
27219,1
27220,3
27221,1
27222,1
27223,3
27224,2
27225,1
27226,1
27227,1
27228,0
27229,1
27230,1
27231,1
27232,0
27301,1
27321,1
27322,0
27341,1
27361,1
27362,3
27366,0
27381,0
27382,0
27383,3
28100,3
28201,3
28202,3
28203,1
28204,3
28205,1
28206,1
28207,3
28208,1
28209,0
28210,1
28212,1
28213,0
28214,2
28215,1
28216,1
28217,1
28218,1
28219,1
28220,0
28221,2
28222,0
28223,1
28224,1
28225,0
28226,2
28227,0
28228,0
28229,1
28301,1
28365,0
28381,0
28382,1
28442,0
28443,0
28446,0
28464,1
28481,1
28501,0
28585,0
28586,0
29201,3
29202,0
29203,1
29204,3
29205,1
29206,1
29207,0
29208,3
29209,0
29210,0
29211,0
29212,4
29322,0
29342,3
29343,4
29344,3
29345,1
29361,1
29362,1
29363,1
29385,0
29386,0
29401,0
29402,3
29424,0
29425,2
29426,0
29427,1
29441,0
29442,0
29443,0
29444,0
29446,0
29447,0
29449,0
29450,0
29451,0
29452,0
29453,0
30201,1
30202,1
30203,0
30204,1
30205,1
30206,3
30207,0
30208,0
30209,0
30304,3
30341,0
30343,0
30344,0
30361,1
30362,1
30366,3
30381,0
30382,1
30383,3
30390,1
30391,1
30392,0
30401,0
30404,0
30406,0
30421,0
30422,0
30424,0
30427,0
30428,0
31201,4
31202,4
31203,2
31204,0
31302,0
31325,0
31328,1
31329,1
31364,0
31370,3
31371,1
31372,1
31384,0
31386,1
31389,0
31390,1
31401,1
31402,1
31403,1
32201,2
32202,0
32203,4
32204,3
32205,0
32206,1
32207,0
32209,0
32343,0
32386,0
32441,0
32448,0
32449,0
32501,1
32505,0
32525,0
32526,0
32527,0
32528,0
33100,4
33202,4
33203,2
33204,2
33205,1
33207,0
33208,2
33209,1
33210,2
33211,1
33212,3
33213,1
33214,2
33215,0
33216,1
33346,1
33423,1
33445,1
33461,0
33586,0
33606,0
33622,0
33623,0
33643,0
33663,1
33666,1
33681,0
34100,3
34202,0
34203,1
34204,2
34205,3
34207,2
34208,0
34209,2
34210,2
34211,1
34212,1
34213,4
34214,1
34215,0
34302,1
34304,1
34307,1
34309,0
34368,0
34369,0
34431,0
34462,0
34545,0
35201,2
35202,1
35203,2
35204,1
35206,1
35207,1
35208,2
35210,1
35211,2
35212,2
35213,1
35215,4
35216,2
35305,0
35321,1
35341,0
35343,1
35344,0
35502,1
36201,4
36202,1
36203,1
36204,1
36205,1
36206,0
36207,1
36208,3
36301,0
36302,0
36321,0
36341,1
36342,0
36368,0
36383,1
36387,1
36388,2
36401,1
36402,1
36403,0
36404,1
36405,0
36468,1
36489,1
37201,4
37202,1
37203,1
37204,1
37205,2
37206,2
37207,1
37208,1
37322,0
37324,0
37341,1
37364,4
37386,1
37387,3
37403,1
37404,2
37406,1
38201,4
38202,2
38203,3
38204,3
38205,1
38206,2
38207,3
38210,3
38213,2
38214,1
38215,1
38356,4
38386,3
38401,1
38402,1
38422,1
38442,0
38484,1
38488,1
38506,0
39201,4
39202,2
39203,1
39204,1
39205,0
39206,1
39208,0
39209,0
39210,1
39211,1
39212,3
39301,3
39302,2
39303,1
39304,1
39305,0
39306,0
39307,1
39341,0
39344,3
39363,0
39364,0
39386,1
39387,3
39401,1
39402,2
39403,1
39405,0
39410,1
39411,0
39412,3
39424,0
39427,0
39428,1
40100,4
40130,4
40202,1
40203,2
40204,2
40205,2
40206,2
40207,0
40210,0
40211,1
40212,0
40213,1
40214,1
40215,1
40216,0
40217,2
40218,2
40219,1
40220,1
40221,1
40223,1
40224,1
40225,1
40226,1
40227,0
40228,0
40229,1
40230,1
40231,2
40341,2
40342,1
40343,0
40344,1
40345,1
40348,1
40349,1
40381,0
40382,1
40383,1
40384,1
40401,1
40402,1
40421,2
40447,1
40448,1
40503,0
40522,0
40544,0
40601,1
40602,2
40604,0
40605,1
40608,0
40609,0
40610,0
40621,1
40625,0
40642,1
40646,0
40647,1
41201,3
41202,3
41203,2
41204,1
41205,0
41206,1
41207,2
41208,1
41209,1
41210,1
41327,1
41341,2
41345,1
41346,1
41387,0
41401,1
41423,1
41424,1
41425,1
41441,1
42201,4
42202,3
42203,0
42204,1
42205,1
42207,0
42208,0
42209,0
42210,0
42211,0
42212,0
42213,0
42214,0
42307,0
42308,0
42321,2
42322,1
42323,0
42383,0
42391,0
42411,0
43100,4
43202,2
43203,0
43204,1
43205,1
43206,4
43208,0
43210,0
43211,1
43212,0
43213,1
43214,3
43215,0
43216,0
43348,0
43364,1
43367,1
43368,1
43369,0
43403,0
43404,0
43423,0
43424,0
43425,0
43428,0
43432,0
43433,0
43441,0
43442,0
43443,0
43444,0
43447,0
43468,1
43482,1
43484,1
43501,0
43505,0
43506,0
43507,0
43510,0
43511,0
43512,0
43513,0
43514,0
43531,0
44201,4
44202,1
44203,2
44204,2
44205,1
44206,2
44207,1
44208,2
44209,0
44210,1
44211,2
44212,1
44213,0
44214,0
44322,0
44341,1
44461,0
44462,0
45201,4
45202,2
45203,1
45204,3
45205,1
45206,1
45207,1
45208,0
45209,1
45341,1
45361,1
45382,0
45383,0
45401,1
45402,1
45403,0
45404,0
45405,1
45406,1
45421,1
45429,0
45430,0
45431,0
45441,0
45442,0
45443,0
46201,4
46203,3
46204,3
46206,1
46208,1
46210,3
46213,0
46214,2
46215,2
46216,1
46217,1
46218,2
46219,1
46220,1
46221,3
46222,0
46223,1
46224,0
46225,1
46303,0
46304,0
46392,0
46404,0
46452,1
46468,1
46482,1
46490,0
46491,0
46492,1
46501,0
46502,0
46505,0
46523,0
46524,0
46525,0
46527,0
46529,0
46530,0
46531,0
46532,0
46533,0
46534,0
46535,0
47201,4
47205,0
47207,0
47208,0
47209,1
47210,0
47211,0
47212,0
47213,0
47214,0
47215,0
47301,0
47302,0
47303,0
47306,3
47308,3
47311,4
47313,0
47314,0
47315,0
47324,0
47325,0
47326,0
47327,0
47328,3
47329,0
47348,0
47350,0
47353,0
47354,0
47355,0
47356,0
47357,0
47358,0
47359,0
47360,0
47361,0
47362,0
47375,0
47381,0
47382,0
